Fecha,Ubicación,ID,Macollos,Circ,HV,HS,HT,LV,LS,LT,VV,VS,VT,LyV,Fenologia,,,,,,,,,,,,
1,10 C,190,56,43,3,0,3,9,0,9,0,0,0,9,1,,,,,,,,,,,,
1,10 C,180,54,31,3,0,3,12.7,0,12.7,2.3,0,2.3,15,1,,,,,,,,,,,,
1,10 L,127,204,54,4,0,4,9.6,0,9.6,3.4,0,3.4,13,1,,,,,,,,,,,,
1,10 L,131,115,51,3,0,3,4.6,0,4.6,3.6,0,3.6,8.2,1,,,,,,,,,,,,
1,10 D,186,5,12.2,5,0,5,1.5,0,1.5,0.9,0,0.9,2.4,1,,,,,,,,,,,,
1,10 D,128,5,16.6,4,0,4,8.4,0,8.4,0.7,0,0.7,9.1,1,,,,,,,,,,,,
1,24 D,130,7,18.5,3,0,3,7.8,0,7.8,1.3,0,1.3,9.1,1,,,,,,,,,,,,
1,24 D,134,15,24,5,0,5,10.4,0,10.4,1,0,1,11.4,1,,,,,,,,,,,,
1,24 C,166,36,42,3,0,3,7.9,0,7.9,1.8,0,1.8,9.7,1,,,,,,,,,,,,
1,24 C,164,78,52.3,3,0,3,5.3,0,5.3,2,0,2,7.3,1,,,,,,,,,,,,
1,24 L,169,77,39.4,3,0,3,4.6,0,4.6,2.6,0,2.6,7.2,1,,,,,,,,,,,,
1,24 L,157,73,36.9,3,0,3,7.1,0,7.1,1.4,0,1.4,8.5,1,,,,,,,,,,,,
1,25 D,152,19,32.3,2,0,2,3.6,0,3.6,1.3,0,1.3,4.9,1,,,,,,,,,,,,
1,25 D,232,4,19.2,3,0,3,4.6,0,4.6,1,0,1,5.6,1,,,,,,,,,,,,
1,25 C,32,29,34,3,0,3,8.4,0,8.4,1.6,0,1.6,10,1,,,,,,,,,,,,
1,25 C,34,93,43.8,3,0,3,7.2,0,7.2,2.1,0,2.1,9.3,1,,,,,,,,,,,,
1,25 L,155,52,40.6,5,0,5,7.8,0,7.8,1.7,0,1.7,9.5,1,,,,,,,,,,,,
1,25 L,41,56,38.2,3,0,3,6.5,0,6.5,1.8,0,1.8,8.3,1,,,,,,,,,,,,
1,17 D,56,13,32.4,4,0,4,6.5,0,6.5,2.6,0,2.6,9.1,1,,,,,,,,,,,,
1,17 D,55,42,23,3,0,3,5.8,0,5.8,2.1,0,2.1,7.9,1,,,,,,,,,,,,
1,17 C,66,20,289,3,0,3,6.6,0,6.6,1.5,0,1.5,8.1,1,,,,,,,,,,,,
1,17 C,75,43,38.2,3,0,3,5.9,0,5.9,1,0,1,6.9,1,,,,,,,,,,,,
1,17 L,81,34,35,3,0,3,5.4,0,5.4,1.1,0,1.1,6.5,1,,,,,,,,,,,,
1,17 L,79,108,47,3,0,3,5.7,0,5.7,2.3,0,2.3,8,1,,,,,,,,,,,,
1,L4,90,5,28,3,0,3,6.3,0,6.3,2.2,0,2.2,8.5,1,,,,,,,,,,,,
1,L4,91,4,17.8,4,0,4,5.2,0,5.2,0.9,0,0.9,6.1,1,,,,,,,,,,,,
1,23 C,337,30,36.8,2,0,2,1.9,0,1.9,1,0,1,2.9,1,,,,,,,,,,,,
1,23 C,335,82,48.6,3,0,3,8.1,0,8.1,1.1,0,1.1,9.2,1,,,,,,,,,,,,
1,23 L,351,95,56,3,0,3,4.3,0,4.3,2,0,2,6.3,1,,,,,,,,,,,,
1,23 L,346,43,54,3,0,3,5.4,0,5.4,0.8,0,0.8,6.2,1,,,,,,,,,,,,
1,L7,371,2,9,3,0,3,17.5,0,17.5,2.2,0,2.2,19.7,1,,,,,,,,,,,,
1,L7,370,18,49,4,0,4,3.1,0,3.1,3,0,3,6.1,1,,,,,,,,,,,,
1,498,362,11,24,3,0,3,7.5,0,7.5,1.4,0,1.4,8.9,1,,,,,,,,,,,,
1,495,364,11,26.2,3,0,3,4.7,0,4.7,1.6,0,1.6,6.3,1,,,,,,,,,,,,
1,397,239,4,20,2,0,2,3.7,0,3.7,1.7,0,1.7,5.4,1,,,,,,,,,,,,
1,397,367,4,15,3,0,3,4.7,0,4.7,1.4,0,1.4,6.1,1,,,,,,,,,,,,
1,394,509,NA,NA,NA,NA,NA,NA,NA,NA,NA,NA,NA,NA,NA,,,,,,,,,,,,
1,394,510,NA,NA,NA,NA,NA,NA,NA,NA,NA,NA,NA,NA,NA,,,,,,,,,,,,
1,L6,507,NA,NA,NA,NA,NA,NA,NA,NA,NA,NA,NA,NA,NA,,,,,,,,,,,,
1,L6,508,NA,NA,NA,NA,NA,NA,NA,NA,NA,NA,NA,NA,NA,,,,,,,,,,,,
2,10 L,127,267,84,4,0,4,22,1.8,23.8,1.6,0,1.6,25.4,1,,,,,,,,,,,,
2,10 L,131,175,79,5,0,5,18.9,0,18.9,3,0,3,21.9,1,,,,,,,,,,,,
2,10 C,190,77,67,5,0,5,25.5,0.6,26.1,1,0,1,27.1,1,,,,,,,,,,,,
2,10 C,180,70,41,3,0,3,27,0,27,1.2,0,1.2,28.2,1,,,,,,,,,,,,
2,10 D,186,7,22,5,0,5,22.9,0,22.9,1.3,0.4,1.7,24.6,1,,,,,,,,,,,,
2,10 D,128,4,17,5,0,5,9,0,9,0.3,0.2,0.5,9.5,1,,,,,,,,,,,Fenologï¿½a,
2,17 D,56,13,40,4,2,6,11.2,2.2,13.4,2.2,1,3.2,16.6,1,,,,,,,,,,,1,Estado vegetativo
2,17 D,55,41,42,4,0,4,14.9,0,14.9,2.6,0,2.6,17.5,1,,,,,,,,,,,2,Elongaciï¿½n
2,17 C,66,21,39,4,0,4,7.2,0,7.2,1.5,0,1.5,8.7,1,,,,,,,,,,,3,Boton
2,17 C,76,40,57,4,0,4,7.1,0,7.1,1.5,0,1.5,8.6,1,,,,,,,,,,,4,Espigazï¿½n
2,17 L,81,33,51,4,0,4,14.2,0,14.2,1.2,0,1.2,15.4,1,,,,,,,,,,,5,Antesis
2,17 L,79,132,58,4,0,4,14.5,0,14.5,1.7,0,1.7,16.2,1,,,,,,,,,,,6,Grano Lechoso
2,25 D,152,18,42,4,0,4,12.6,0,12.6,1.6,0,1.6,14.2,1,,,,,,,,,,,7,Grano Pastoso
2,25 D,232,5,27,5,0,5,8.7,0,8.7,1.89,0,1.89,10.59,1,,,,,,,,,,,8,Grano Maduro
2,25 C,32,32,62,3,1,4,1.7,2.6,4.3,1.2,0,1.2,5.5,1,,,,,,,,,,,9,Semillazï¿½n y Senescencia
2,25 C,34,81,70,4,0,4,18.1,0.3,18.4,2.5,0,2.5,20.9,1,,,,,,,,,,,,
2,25 L,155,66,62,5,0,5,15.7,0,15.7,1,0,1,16.7,1,,,,,,,,,,,,
2,25 L,41,70,39,4,0,4,14,0,14,1.7,0,1.7,15.7,1,,,,,,,,,,,,
2,24 D,130,8,32,4,0,4,16,0,16,1.6,0,1.6,17.6,3,,,,,,,,,,,,
2,24 D,184,15,40,5,1,6,10.2,0,10.2,1.4,0,1.4,11.6,1,,,,,,,,,,,,
2,24 C,166,46,79,4,0,4,16.9,4.2,21.1,1.2,0,1.2,22.3,2,,,,,,,,,,,,
2,24 C,164,99,68,4,0,4,14.7,0,14.7,1.9,0,1.9,16.6,1,,,,,,,,,,,,
2,24 L,169,90,51,3,2,5,10.2,0,10.2,0.8,0.6,1.4,11.6,2,,,,,,,,,,,,
2,24 L,167,89,62,5,0,5,18.1,3.2,21.3,1.5,0,1.5,22.8,2,,,,,,,,,,,,
2,L4,90,6,34,6,0,6,16,0,16,2.5,0,2.5,18.5,2,,,,,,,,,,,,
2,L4,91,7,24,4,0,4,10.1,0,10.1,1.2,0,1.2,11.3,2,,,,,,,,,,,,
2,23 C,337,36,50,3,0,3,6.2,0,6.2,0.8,0,0.8,7,3,,,,,,,,,,,,
2,23 C,335,73,64,4,0,4,15.6,1.8,17.4,0.8,0,0.8,18.2,3,,,,,,,,,,,,
2,23 L,351,105,71,5,0,5,1.6,0,1.6,1.3,0,1.3,2.9,2,,,,,,,,,,,,
2,23 L,346,45,66,4,0,4,16.3,0,16.3,1,0,1,17.3,2,,,,,,,,,,,,
2,L7,371,5,33,5,0,5,36.6,0,36.6,3.3,0,3.3,39.9,2,,,,,,,,,,,,
2,L7,370,17,80,6,1,7,42.6,9.4,52,4.8,0.9,5.7,57.7,2,,,,,,,,,,,,
2,498,362,11,99,4,0,4,15.5,0,15.5,2.7,0,2.7,18.2,2,,,,,,,,,,,,
2,495,364,16,38,4,0,4,9.3,0,9.3,1,0,1,10.3,2,,,,,,,,,,,,
2,397,239,6,25,4,0,4,10.6,0,10.6,2.1,0,2.1,12.7,2,,,,,,,,,,,,
2,397,367,5,26,4,0,4,9.1,0,9.1,1.7,0,1.7,10.8,2,,,,,,,,,,,,
2,394,509,5,8,4,0,4,18,0,18,1.6,0,1.6,19.6,2,,,,,,,,,,,,
2,394,510,8,21,3,0,3,13.9,0,13.9,3,0,3,16.9,2,,,,,,,,,,,,
2,L6,507,5,38,5,0,5,15.5,0,15.5,2.3,0,2.3,17.8,2,,,,,,,,,,,,
2,L6,508,18,37,5,0,5,26.3,0,26.3,2.6,0,2.6,28.9,2,,,,,,,,,,,,
3,10 L,127,272,130,5,2,7,44.5,9,53.5,6.8,3.3,10.1,63.6,3,,,,,,,,,,,,
3,10 L,131,174,72,3,1,4,14.8,1,15.8,13.4,1.5,14.9,30.7,3,,,,,,,,,,,,
3,10 C,190,80,90,4,1,5,18.7,3,21.7,12.3,0.5,12.8,34.5,3,,,,,,,,,,,,
3,10 C,180,80,107,5,0,5,45.4,0,45.4,9.8,0,9.8,55.2,3,,,,,,,,,,,,
3,10 D,186,6,34,7,1,8,34.1,4.1,38.2,7.4,0.5,7.9,46.1,2,,,,,,,,,,,,
3,10 D,128,5,22,5,1,6,9.7,1,10.7,0.6,1,1.6,12.3,1,,,,,,,,,,,,
3,17 D,56,13,41,5,2,7,32.7,2.2,34.9,3.2,0.5,3.7,38.6,3,,,,,,,,,,,,
3,17 D,55,44,30,5,1,6,31.7,0.6,32.3,5.6,1.1,6.7,39,2,,,,,,,,,,,,
3,17 C,66,21,45,3,1,4,10.8,3,13.8,1.5,0.5,2,15.8,2,,,,,,,,,,,,
3,17 C,76,40,46,4,0,4,13.2,0,13.2,2,0,2,15.2,3,,,,,,,,,,,,
3,17 L,81,68,67,4,1,5,22.8,1.8,24.6,8,0.7,8.7,33.3,3,,,,,,,,,,,,
3,17 L,79,176,127,4,1,5,7.3,4.5,11.8,3.5,0,3.5,15.3,4,,,,,,,,,,,,
3,25 D,152,22,52,5,1,6,30.8,1,31.8,3.3,1,4.3,36.1,3,,,,,,,,,,,,
3,25 D,232,7,32,6,1,7,33.3,1,34.3,1,0.5,1.5,35.8,3,,,,,,,,,,,,
3,25 C,32,36,62,5,2,7,37.8,5.7,43.5,2,1,3,46.5,3,,,,,,,,,,,,
3,25 C,34,100,86,4,2,6,25.9,4.8,30.7,12,2,14,44.7,3,,,,,,,,,,,,
3,25 L,155,72,93,4,1,5,21.6,1.1,22.7,8,0.6,8.6,31.3,3,,,,,,,,,,,,
3,25 L,41,92,79,4,3,7,26,8,34,2.6,3,5.6,39.6,3,,,,,,,,,,,,
3,24 D,130,10,40,6,1,7,34.6,0.9,35.5,2,0.2,2.2,37.7,3,,,,,,,,,,,,
3,24 D,184,16,37,5,2,7,38.4,2.6,41,4.5,0.3,4.8,45.8,3,,,,,,,,,,,,
3,24 C,166,92,103,6,1,7,51.5,0.2,51.7,4.9,0.2,5.1,56.8,3,,,,,,,,,,,,
3,24 C,164,120,91,5,2,7,36.1,3.1,39.2,8.5,2,10.5,49.7,3,,,,,,,,,,,,
3,24 L,169,92,70,4,2,6,14.4,0.4,14.8,7.5,0.8,8.3,23.1,3,,,,,,,,,,,,
3,24 L,167,104,96,5,2,7,20.4,4.6,25,5.2,1.2,6.4,31.4,3,,,,,,,,,,,,
3,L4,90,6,28,5,3,8,27.9,6,33.9,2,2,4,37.9,3,,,,,,,,,,,,
3,L4,91,4,19,6,1,7,22.7,0.5,23.2,1,0.5,1.5,24.7,3,,,,,,,,,,,,
3,23 C,337,76,56,5,1,6,17.2,1.7,18.9,6.7,0.4,7.1,26,2,,,,,,,,,,,,
3,23 C,335,124,118,5,1,6,37,1.1,38.1,6.3,1,7.3,45.4,3,,,,,,,,,,,,
3,23 L,351,80,110,4,2,6,21.1,5.1,26.2,8.5,2.1,10.6,36.8,3,,,,,,,,,,,,
3,23 L,346,52,62,6,0,6,35.2,1,36.2,1.7,0,1.7,37.9,3,,,,,,,,,,,,
3,L7,371,4,13,7,0,7,77.3,0,77.3,12,0,12,89.3,2,,,,,,,,,,,,
3,L7,370,44,50,6,0,6,55.6,0,55.6,33,0,33,88.6,3,,,,,,,,,,,,
3,498,362,11,25,5,0,5,35.5,0,35.5,6,0,6,41.5,2,,,,,,,,,,,,
3,495,364,15,28,4,0,4,23.1,0,23.1,3,0,3,26.1,2,,,,,,,,,,,,
3,397,239,5,22,5,0,5,31.7,0,31.7,4,0,4,35.7,2,,,,,,,,,,,,
3,397,367,4,20,4,0,4,20,0,20,2.7,0,2.7,22.7,2,,,,,,,,,,,,
3,394,509,5,17,5,0,5,45.8,0,45.8,4,0,4,49.8,2,,,,,,,,,,,,
3,394,510,6,20,4,0,4,33.2,0,33.2,5.2,0,5.2,38.4,2,,,,,,,,,,,,
3,L6,507,5,21,6,0,6,37.1,0,37.1,4,0,4,41.1,2,,,,,,,,,,,,
3,L6,508,18,32,7,0,7,47.2,2,49.2,5,0,5,54.2,2,,,,,,,,,,,,
4,10 L,127,292,20,3,3,6,17.6,30.4,48,22.7,4.1,26.8,74.8,5,,,,,,,,,,,,
4,10 L,131,260,19,1,2,3,2.6,13.3,15.9,12.2,4.3,16.5,32.4,5,,,,,,,,,,,,
4,10 C,190,128,14,2,2,4,10,0.3,10.3,17.7,1.1,18.8,29.1,5,,,,,,,,,,,,
4,10 C,180,64,10,5,2,7,27.2,7.9,35.1,21.2,0.6,21.8,56.9,5,,,,,,,,,,,,
4,10 D,186,7,1,4,2,6,26.9,4.6,31.5,13.4,0.7,14.1,45.6,5,,,,,,,,,,,,
4,10 D,128,,,,,0,,,0,,,0,0,,,,,,,,,,,,,
4,17 D,56,11,4,5,3,8,34.5,2.9,37.4,5.3,2.1,7.4,44.8,5,,,,,,,,,,,,
4,17 D,55,46,9,5,1,6,54.4,2.6,57,5.3,1.8,7.1,64.1,5,,,,,,,,,,,,
4,17 C,66,21,6,4,2,6,15.6,5.5,21.1,0.3,3.7,4,25.1,5,,,,,,,,,,,,
4,17 C,76,40,99,6,3,9,20,6.6,26.6,7,0.5,7.5,34.1,5,,,,,,,,,,,,
4,17 L,81,100,10,2,1,3,10.2,6.5,16.7,12.4,0.3,12.7,29.4,5,,,,,,,,,,,,
4,17 L,79,212,22,4,3,7,27.4,20.7,48.1,23.7,2,25.7,73.8,5,,,,,,,,,,,,
4,25 D,152,14,12,5,2,7,44.7,4.2,48.9,12.5,0.3,12.8,61.7,5,,,,,,,,,,,,
4,25 D,232,7,4,5,1,6,47.9,2.4,50.3,2,1,3,53.3,5,,,,,,,,,,,,
4,25 C,32,36,8,4,4,8,51.7,19.8,71.5,3.5,1.9,5.4,76.9,5,,,,,,,,,,,,
4,25 C,34,124,16,2,4,6,11,28.5,39.5,18.7,2.1,20.8,60.3,5,,,,,,,,,,,,
4,25 L,155,108,14,2,3,5,11.2,14.7,25.9,13.5,2,15.5,41.4,5,,,,,,,,,,,,
4,25 L,41,112,22,4,4,8,47.8,19.3,67.1,3,3,6,73.1,5,,,,,,,,,,,,
4,24 D,130,10,9,5,1,6,41.2,3.2,44.4,3,1.3,4.3,48.7,5,,,,,,,,,,,,
4,24 D,184,17,8,2,5,7,6.9,14.4,21.3,6.7,1.5,8.2,29.5,5,,,,,,,,,,,,
4,24 C,166,92,20,5,1,6,51.5,9.7,61.2,28,0,28,89.2,5,,,,,,,,,,,,
4,24 C,164,100,6,3,3,6,21.6,9,30.6,24.5,1.9,26.4,57,5,,,,,,,,,,,,
4,24 L,169,54,20,2,5,7,7,12,19,10.3,1,11.3,30.3,5,,,,,,,,,,,,
4,24 L,167,140,16,5,2,7,43.7,9,52.7,3,0.6,3.6,56.3,5,,,,,,,,,,,,
4,L4,90,7,6,4,3,7,31.3,6.5,37.8,1.3,1.5,2.8,40.6,5,,,,,,,,,,,,
4,L4,91,5,5,5,1,6,22.9,3.2,26.1,1.3,0.9,2.2,28.3,1,,,,,,,,,,,,
4,23 C,337,68,15.4,5,5,10,16.2,10.1,26.3,1.4,0.5,1.9,28.2,5,,,,,,,,,,,,
4,23 C,335,212,22,4,0,4,23,0,23,22,0,22,45,5,,,,,,,,,,,,
4,23 L,351,81,18,2,2,4,9.5,9,18.5,24.6,2,26.6,45.1,5,,,,,,,,,,,,
4,23 L,346,92,14,6,0,6,52.2,0,52.2,2.3,0,2.3,54.5,5,,,,,,,,,,,,
4,L7,371,35,2,7,4,11,95.5,17.1,112.6,37,2,39,151.6,4,,,,,,,,,,,,
4,L7,370,24,6,4,6,10,43.9,55.7,99.6,42.8,1.9,44.7,144.3,5,,,,,,,,,,,,
4,498,362,10,3,4,2,6,63.3,5.4,68.7,7.8,1.2,9,77.7,4,,,,,,,,,,,,
4,495,364,16,3,5,1,6,41.7,1,42.7,3.9,0.5,4.4,47.1,4,,,,,,,,,,,,
4,397,239,6,2,5,0,5,58.6,0,58.6,6,0,6,64.6,2,,,,,,,,,,,,
4,397,367,5,1,5,1,6,30.9,1.1,32,3.7,0.5,4.2,36.2,2,,,,,,,,,,,,
4,394,509,6,2,5,1,6,72.5,3.2,75.7,5.1,0.7,5.8,81.5,2,,,,,,,,,,,,
4,394,510,6,1,4,1,5,48.5,3.2,51.7,5,0.4,5.4,57.1,2,,,,,,,,,,,,
4,L6,507,6,3,4,3,7,60,12,72,2.4,1.1,3.5,75.5,5,,,,,,,,,,,,
4,L6,508,16,4,4,3,7,47.2,22.1,69.3,5,1.7,6.7,76,4,,,,,,,,,,,,
5,10 L,127,288,74,3,1,4,15.4,6.7,22.1,3.6,0,3.6,25.7,1,,,,,,,,,,,,
5,10 L,131,456,165,3,2,5,16.1,3.2,19.3,1.9,1.5,3.4,22.7,1,,,,,,,,,,,,
5,10 C,190,160,62,3,1,4,26.2,6.8,33,2.3,1.5,3.8,36.8,1,,,,,,,,,,,,
5,10 C,180,100,60,4,1,5,43.9,8,51.9,5.3,4.3,9.6,61.5,1,,,,,,,,,,,,
5,10 D,186,15,17,2,0,2,3.2,0,3.2,1,6,7,10.2,1,,,,,,,,,,,,
5,10 D,128,,,,,0,,,0,,,0,0,,,,,,,,,,,,,
5,17 D,56,14,31,4,4,8,30.7,15.3,46,6,3,9,55,1,,,,,,,,,,,,
5,17 D,55,88,38,6,1,7,66.2,9.7,75.9,4.6,3,7.6,83.5,1,,,,,,,,,,,,
5,17 C,66,26,29,3,5,8,10.5,18.4,28.9,0.4,1.2,1.6,30.5,1,,,,,,,,,,,,
5,17 C,76,52,37,2,0,2,5.2,0,5.2,1,0,1,6.2,1,,,,,,,,,,,,
5,17 L,81,168,53.5,2,0,2,4.6,0,4.6,1.2,0,1.2,5.8,1,,,,,,,,,,,,
5,17 L,79,312,68,3,0,3,11.4,0,11.4,2.6,0,2.6,14,1,,,,,,,,,,,,
5,25 D,152,34,32,2,0,2,5.2,0,5.2,0.7,0,0.7,5.9,1,,,,,,,,,,,,
5,25 D,232,18,24,6,4,10,36.3,21.6,57.9,2.5,1.5,4,61.9,1,,,,,,,,,,,,
5,25 C,32,84,63,4,0,4,36.5,81.4,117.9,3.5,3.4,6.9,124.8,1,,,,,,,,,,,,
5,25 C,34,144,48.5,2,0,2,12,3.2,15.2,2.5,0,2.5,17.7,1,,,,,,,,,,,,
5,25 L,155,184,50,3,0,3,14.2,0,14.2,2.8,0,2.8,17,1,,,,,,,,,,,,
5,25 L,41,172,52.5,2,0,2,4.2,0,4.2,2.8,0,2.8,7,1,,,,,,,,,,,,
5,24 D,130,9,34,5,0,5,33.8,26.7,60.5,1,2.3,3.3,63.8,1,,,,,,,,,,,,
5,24 D,184,18,27,2,4,6,3.8,0,3.8,0.8,0,0.8,4.6,1,,,,,,,,,,,,
5,24 C,166,132,74,3,5,8,18,0,18,2.8,0,2.8,20.8,4.5.9,,,,,,,,,,,,
5,24 C,164,184,75,3,9,12,8,0,8,1.6,0,1.6,9.6,1.5,,,,,,,,,,,,
5,24 L,169,140,52,3,0,3,7.9,0,7.9,1.2,0,1.2,9.1,1,,,,,,,,,,,,
5,24 L,167,184,54,3,0,3,3.4,0,3.4,2,0,2,5.4,1,,,,,,,,,,,,
5,L4,90,5,19,2,4,6,14,29,43,0.5,2,2.5,45.5,1,,,,,,,,,,,,
5,L4,91,5,11,3,0,3,11.8,27.7,39.5,1,1,2,41.5,1,,,,,,,,,,,,
5,23 C,337,84,38,2,7,9,7.8,35.5,43.3,2,1,3,46.3,1,,,,,,,,,,,,
5,23 C,335,164,68,3,0,3,10.4,0,10.4,2.3,0,2.3,12.7,1,,,,,,,,,,,,
5,23 L,351,156,64,3,4,7,10.4,0,10.4,3.99,0,3.99,14.39,1,,,,,,,,,,,,
5,23 L,346,120,57,2,2,4,16.3,53.3,69.6,2.5,2.5,5,74.6,1,,,,,,,,,,,,
5,L7,371,52,48,2,0,2,6.5,0,6.5,2.7,0,2.7,9.2,1,,,,,,,,,,,,
5,L7,370,5,5,7,4,11,99.9,36.8,136.7,28.1,4.1,32.2,168.9,1,,,,,,,,,,,,
5,498,362,17,17.5,4,2,6,59.5,38.1,97.6,3,5,8,105.6,1.9,,,,,,,,,,,,
5,495,364,15,19,3,3,6,34.5,9,43.5,3.2,1,4.2,47.7,1.9,,,,,,,,,,,,
5,397,239,7,20.5,4,3,7,50.9,28.4,79.3,2.6,4,6.6,85.9,1,,,,,,,,,,,,
5,397,367,5,10,3,3,6,23.4,16.4,39.8,2.8,2.5,5.3,45.1,1,,,,,,,,,,,,
5,394,509,,,,,0,,,0,,,0,0,,,,,,,,,,,,,
5,394,510,8,14.5,3,2,5,28,17.1,45.1,3.7,5.2,8.9,54,1,,,,,,,,,,,,
5,L6,507,12,16,5,3,8,34.1,43.9,78,1.6,2.5,4.1,82.1,1,,,,,,,,,,,,
5,L6,508,17,24.5,4,3,7,41.7,36.6,78.3,4.1,4.5,8.6,86.9,1,,,,,,,,,,,,
6,10 L,127,288,74.3,3,1,4,15.4,6.7,22.1,3.6,0,3.6,25.7,1,,,,,,,,,,,,
6,10 L,131,456,105,3,2,5,16.1,3.2,19.3,1.9,1.5,3.4,22.7,1,,,,,,,,,,,,
6,10 C,190,180,62,3,1,4,26.2,6.8,33,2.3,1.5,3.8,36.8,1,,,,,,,,,,,,
6,10 C,180,100,60,4,1,5,43.9,8,51.9,5.3,4.3,9.6,61.5,1,,,,,,,,,,,,
6,10 D,186,15,17,2,0,2,3.2,0,3.2,1,6,7,10.2,1,,,,,,,,,,,,
6,10 D,128,,,,,0,,,0,,,0,0,,,,,,,,,,,,,
6,17 D,56,14,31,4,4,8,30.7,15.3,46,6,3,9,55,1,,,,,,,,,,,,
6,17 D,55,88,38,6,1,7,66.2,9.7,75.9,4.6,3,7.6,83.5,1,,,,,,,,,,,,
6,17 C,66,28,29,3,5,8,10.5,18.4,28.9,0.4,1.2,1.6,30.5,1,,,,,,,,,,,,
6,17 C,76,52,37,2,0,2,5.2,0,5.2,1,0,1,6.2,1,,,,,,,,,,,,
6,17 L,81,168,53.5,2,0,2,4.6,0,4.6,1.2,0,1.2,5.8,1,,,,,,,,,,,,
6,17 L,79,312,68,3,0,3,11.4,0,11.4,2.6,0,2.6,14,1,,,,,,,,,,,,
6,25 D,152,34,32,1,0,1,5.2,0,5.2,0.7,0,0.7,5.9,1,,,,,,,,,,,,
6,25 D,232,18,24,6,3,9,36.3,21.6,57.9,2.5,1.5,4,61.9,1,,,,,,,,,,,,
6,25 C,32,84,63,4,5,9,36.5,81.4,117.9,3.5,3.4,6.9,124.8,1,,,,,,,,,,,,
6,25 C,34,144,48.5,2,0,2,12,3.2,15.2,2.5,0,2.5,17.7,1,,,,,,,,,,,,
6,25 L,155,184,50,3,0,3,14.2,0,14.2,2.8,0,2.8,17,1,,,,,,,,,,,,
6,25 L,41,172,52.5,2,0,2,4.2,0,4.2,2.8,0,2.8,7,1,,,,,,,,,,,,
6,24 D,130,9,34,5,4,9,33.8,26.7,60.5,1,2.3,3.3,63.8,1,,,,,,,,,,,,
6,24 D,184,18,2.7,2,0,2,3.8,0,3.8,0.8,0,0.8,4.6,1,,,,,,,,,,,,
6,24 C,166,12,7.4,3,0,3,18,0,18,2.8,0,2.8,20.8,4/5*9,,,,,,,,,,,,
6,24 C,164,184,7.5,3,0,3,8,0,8,1.6,0,1.6,9.6,1.5,,,,,,,,,,,,
6,24 L,169,140,52,3,0,3,7.9,0,7.9,1.2,0,1.2,9.1,1,,,,,,,,,,,,
6,24 L,167,184,54,3,0,3,3.4,0,3.4,2,0,2,5.4,1,,,,,,,,,,,,
6,L4,90,5,19,3,4,7,177,29,206,0.5,2,2.5,208.5,1,,,,,,,,,,,,
6,L4,91,5,11,3,5,8,11.8,27.7,39.5,1,1,2,41.5,1,,,,,,,,,,,,
6,23 C,337,84,38,2,9,11,7.8,35.5,43.3,2,1,3,46.3,1,,,,,,,,,,,,
6,23 C,335,164,68,3,0,3,10.4,0,10.4,2.3,0,2.3,12.7,1,,,,,,,,,,,,
6,23 L,351,156,64,3,0,3,10.4,0,10.4,3.9,0,3.9,14.3,1,,,,,,,,,,,,
6,23 L,346,120,57,2,4,6,16.3,53.3,69.6,2.5,2.5,5,74.6,1,,,,,,,,,,,,
6,L7,371,52,48,2,0,2,6.5,0,6.5,2.7,0,2.7,9.2,1,,,,,,,,,,,,
6,L7,370,5,5,7,4,11,99.9,36.8,136.7,18.1,4.1,22.2,158.9,1,,,,,,,,,,,,
6,498,362,17,17.5,4,2,6,59.5,38.1,97.6,3,5,8,105.6,1.9,,,,,,,,,,,,
6,495,364,15,19,3,3,6,34.5,9,43.5,3.2,1,4.2,47.7,1.9,,,,,,,,,,,,
6,397,239,7,10.5,4,3,7,50.9,28.4,79.3,2.6,4,6.6,85.9,1,,,,,,,,,,,,
6,397,367,5,10,3,3,6,23.4,16.1,39.5,2.1,2.5,4.6,44.1,1,,,,,,,,,,,,
6,394,509,,,,,0,,,0,,,0,0,,,,,,,,,,,,,
6,394,510,8,14.5,3,2,5,28,17.1,45.1,3.7,5.2,8.9,54,1,,,,,,,,,,,,
6,L6,507,12,16,5,3,8,34.1,43.9,78,1.6,2.5,4.1,82.1,1,,,,,,,,,,,,
6,L6,508,17,24.5,4,3,7,41.7,36.6,78.3,4.1,4.5,8.6,86.9,1,,,,,,,,,,,,
7,10 L,127,452,72,2,1,3,12.5,13,25.5,4.1,0,4.1,29.6,1,,,,,,,,,,,,
7,10 L,131,400,73,2,2,4,11.5,13.5,25,1.5,2.1,3.6,28.6,1,,,,,,,,,,,,
7,10 C,190,164,585,3,1,4,21,8.4,29.4,3.5,3.4,6.9,36.3,1,,,,,,,,,,,,
7,10 C,180,100,51,5,1,6,49.7,87,136.7,3.5,4.4,7.9,144.6,1,,,,,,,,,,,,
7,10 D,186,12,19,3,0,3,6,0,6,1,0,1,7,1,,,,,,,,,,,,
7,10 D,128,,,,,0,,,0,,,0,0,,,,,,,,,,,,,
7,17 D,56,16,18,4,7,11,24.4,26.7,51.1,8.2,2.9,11.1,62.2,1,,,,,,,,,,,,
7,17 D,55,88,30.5,5,2,7,72.1,29.9,102,5,3.4,8.4,110.4,1,,,,,,,,,,,,
7,17 C,66,30,31,3,4,7,8.9,22.7,31.6,1,1.3,2.3,33.9,1,,,,,,,,,,,,
7,17 C,76,74,38,3,0,3,7.1,0,7.1,0.8,0,0.8,7.9,1,,,,,,,,,,,,
7,17 L,81,188,51,2,1,3,7.6,2.1,9.7,0.7,1.4,2.1,11.8,1,,,,,,,,,,,,
7,17 L,79,312,70,2,1,3,10.5,5.7,16.2,2,1.2,3.2,19.4,1,,,,,,,,,,,,
7,25 D,152,34,33,3,0,3,7.6,0,7.6,1.5,0,1.5,9.1,1,,,,,,,,,,,,
7,25 D,232,15,20,5,7,12,26.4,36.6,63,0.8,1.6,2.4,65.4,1,,,,,,,,,,,,
7,25 C,32,144,46.5,2,1,3,14.2,77.6,91.8,3,0,3,94.8,1,,,,,,,,,,,,
7,25 C,34,96,40.5,3,0,3,9,0,9,2,0,2,11,1,,,,,,,,,,,,
7,25 L,155,196,52,3,2,5,16.6,2.6,19.2,2.6,2.6,5.2,24.4,1,,,,,,,,,,,,
7,25 L,41,172,50,1,2,3,45,4,49,1.5,1.5,3,52,1,,,,,,,,,,,,
7,24 D,130,11,31,6,4,10,33.7,32.9,66.6,1.5,2.2,3.7,70.3,1,,,,,,,,,,,,
7,24 D,184,17,27,4,1,5,7.6,0.2,7.8,0.3,0.2,0.5,8.3,1,,,,,,,,,,,,
7,24 C,166,152,52.5,3,1,4,21.9,3.8,25.7,4,3.2,7.2,32.9,1,,,,,,,,,,,,
7,24 C,164,372,64,3,0,3,11.9,0,11.9,1.3,0,1.3,13.2,1,,,,,,,,,,,,
7,24 L,169,120,50,1,2,3,6.6,6.6,13.2,2,1.8,3.8,17,1,,,,,,,,,,,,
7,24 L,167,,,,,0,,,0,,,0,0,,,,,,,,,,,,,
7,L4,90,7,24.5,2,6,8,13.9,32.2,46.1,0.7,1.3,2,48.1,1,,,,,,,,,,,,
7,L4,91,6,11,3,5,8,13.5,25.3,38.8,0.3,1.8,2.1,40.9,1,,,,,,,,,,,,
7,23 C,337,132,37,2,5,7,8.9,24,32.9,1.6,1.5,3.1,36,1,,,,,,,,,,,,
7,23 C,335,172,70.5,3,1,4,128,2.2,130.2,1.8,0.8,2.6,132.8,1,,,,,,,,,,,,
7,23 L,351,204,65,3,2,5,10.8,5.7,16.5,5.3,4.8,10.1,26.6,1,,,,,,,,,,,,
7,23 L,346,128,57,2,2,4,25.8,28.2,54,2.5,2.4,4.9,58.9,1,,,,,,,,,,,,
7,L7,371,9,20,2,2,4,80.2,27,107.2,31.5,15.5,47,154.2,1,,,,,,,,,,,,
7,L7,370,34,38,7,1,8,9.7,1.6,11.3,3.6,1.2,4.8,16.1,1,,,,,,,,,,,,
7,498,362,,,,,0,,,0,,,0,0,,,,,,,,,,,,,
7,495,364,18,22,3,4,7,23.8,33.5,57.3,3.6,3.3,6.9,64.2,1,,,,,,,,,,,,
7,397,239,9,12,4,3,7,39.1,25.5,64.6,6,5.5,11.5,76.1,1,,,,,,,,,,,,
7,397,367,6,9,3,2,5,16.2,21.4,37.6,1.7,4.2,5.9,43.5,1,,,,,,,,,,,,
7,394,509,,,,,0,,,0,,,0,0,,,,,,,,,,,,,
7,394,510,7,11,3,1,4,29.1,11.6,40.7,3,5,8,48.7,1,,,,,,,,,,,,
7,L6,507,12,18,5,4,9,34.1,43.8,77.9,1.5,3.5,5,82.9,1,,,,,,,,,,,,
7,L6,508,,,,,0,,,0,,,0,0,,,,,,,,,,,,,
